reviewText,overall,asin,summary,reviewTime,helpful_yes,total_vote
The cleaning quality is top-notch and teeth feel exceptionally clean after every brush. Highly recommended!,5,9640962,Electric Toothbrush Review,2026-01-15,5,6
Solid battery life that lasts nearly three weeks on a single charge. Great value for money and durable design.,5,9640962,Electric Toothbrush Review,2026-01-15,5,6
"Very easy to use with intuitive timer modes. Simple, comfortable grip and smooth vibration.",4,9640962,Electric Toothbrush Review,2026-01-15,5,6
Fast shipping and well packaged. Works great for sensitive gums.,4,9640962,Electric Toothbrush Review,2026-01-15,5,6
"Great product performance, solid build quality and very reliable motor.",5,9640962,Electric Toothbrush Review,2026-01-15,5,6
"Decent electric brush, but replacement heads are slightly expensive. Worth it if on sale.",3,9640962,Electric Toothbrush Review,2026-01-15,1,2
"The vibration is a bit loud and clunky compared to premium sonic models, but does the job.",3,9640962,Electric Toothbrush Review,2026-01-15,1,2
"Good quality, but charging base is light and easily tips over.",3,9640962,Electric Toothbrush Review,2026-01-15,1,2
The battery died after two months of light use. Very disappointed with the durability.,1,9640962,Electric Toothbrush Review,2026-01-15,1,2
Defective switch stopped working within three weeks. Poor quality control.,1,9640962,Electric Toothbrush Review,2026-01-15,1,2
Overpriced for the performance provided. Not as advertised.,2,9640962,Electric Toothbrush Review,2026-01-15,1,2
Exceptional blending power! Easily crushes ice and frozen fruits into smooth smoothies. Premium quality and durable.,5,8213456,Stainless Steel Blender Review,2026-01-15,5,6
"Heavy duty stainless steel jar. Solid build, well made, and great value for money.",5,8213456,Stainless Steel Blender Review,2026-01-15,5,6
Simple controls and effortless cleaning. Dishwasher safe parts make it very convenient.,4,8213456,Stainless Steel Blender Review,2026-01-15,5,6
Arrived quickly in solid packaging. Highly recommended for daily protein shakes.,5,8213456,Stainless Steel Blender Review,2026-01-15,5,6
Reliable motor that never bogs down. Perfect kitchen appliance.,4,8213456,Stainless Steel Blender Review,2026-01-15,5,6
"Blends well, but motor gets warm during long smoothie sessions. Average noise level.",3,8213456,Stainless Steel Blender Review,2026-01-15,1,2
"A bit bulky for small countertops, but blending capacity is generous.",3,8213456,Stainless Steel Blender Review,2026-01-15,1,2
"Good power, but lid seal requires firm pressure to avoid small leaks.",3,8213456,Stainless Steel Blender Review,2026-01-15,1,2
Blade assembly cracked after blending ice cubes. Cheap material on the gears.,1,8213456,Stainless Steel Blender Review,2026-01-15,1,2
Motor stopped working and emitted smoke on day five. Faulty unit.,1,8213456,Stainless Steel Blender Review,2026-01-15,1,2
Too loud and heavy to move around easily. Dissatisfied with the purchase.,2,8213456,Stainless Steel Blender Review,2026-01-15,1,2
Amazing detail and high quality pieces. A pleasure to build with the family!,5,7342119,LEGO Building Kit Review,2026-01-15,5,6
"Hours of creative fun. Durable, colorful bricks that fit together perfectly. Solid value.",5,7342119,LEGO Building Kit Review,2026-01-15,5,6
Step-by-step instructions are very clear and easy to follow. Smooth building experience.,5,7342119,LEGO Building Kit Review,2026-01-15,5,6
Fast delivery and pristine packaging. Makes a wonderful gift.,5,7342119,LEGO Building Kit Review,2026-01-15,5,6
Fantastic display piece once completed. Highly recommended for all ages.,5,7342119,LEGO Building Kit Review,2026-01-15,5,6
"Fun build, but took longer than expected. Some pieces look very similar.",3,7342119,LEGO Building Kit Review,2026-01-15,1,2
"Good set overall, though retail price is on the higher side.",3,7342119,LEGO Building Kit Review,2026-01-15,1,2
"Instructions had one slightly confusing diagram, but figured it out eventually.",3,7342119,LEGO Building Kit Review,2026-01-15,1,2
Missing three crucial pieces in bag 4. Very disappointing and frustrating.,1,7342119,LEGO Building Kit Review,2026-01-15,1,2
Box arrived crushed with broken internal bags. Poor packaging.,2,7342119,LEGO Building Kit Review,2026-01-15,1,2
Overpriced for the number of pieces included.,2,7342119,LEGO Building Kit Review,2026-01-15,1,2
Accurate step count and heart rate monitoring. Sleek design and comfortable strap.,5,6154823,Smartwatch Fitness Tracker Review,2026-01-15,5,6
Battery easily lasts 7 full days. Great value for money and solid fitness tracking.,5,6154823,Smartwatch Fitness Tracker Review,2026-01-15,5,6
Very easy to pair with smartphone and the companion app is intuitive and smooth.,4,6154823,Smartwatch Fitness Tracker Review,2026-01-15,5,6
Waterproof and durable during swimming workouts. Fast shipping too.,5,6154823,Smartwatch Fitness Tracker Review,2026-01-15,5,6
Bright OLED screen that is easily readable in direct sunlight.,4,6154823,Smartwatch Fitness Tracker Review,2026-01-15,5,6
"Sleep tracking is sometimes inconsistent, but general daily tracking is fine.",3,6154823,Smartwatch Fitness Tracker Review,2026-01-15,1,2
"Screen brightness outdoors could be slightly higher, but battery life makes up for it.",3,6154823,Smartwatch Fitness Tracker Review,2026-01-15,1,2
Notifications occasionally delay by a few seconds. Adequate for the price.,3,6154823,Smartwatch Fitness Tracker Review,2026-01-15,1,2
Heart rate sensor stopped working completely after getting wet in the shower.,1,6154823,Smartwatch Fitness Tracker Review,2026-01-15,1,2
App constantly disconnects from Bluetooth. Frustrating and hard to use.,1,6154823,Smartwatch Fitness Tracker Review,2026-01-15,1,2
Strap broke after two weeks of normal wear. Cheap plastic clasp.,2,6154823,Smartwatch Fitness Tracker Review,2026-01-15,1,2
Active noise cancellation is phenomenal! Blocks out office chatter and airplane drone completely.,5,5098234,Noise-Canceling Headphones Review,2026-01-15,5,6
Superb sound quality with rich bass and crystal clear highs. Premium comfort cushions.,5,5098234,Noise-Canceling Headphones Review,2026-01-15,5,6
Battery life exceeds 30 hours on a single charge. Effortless Bluetooth multipoint pairing.,5,5098234,Noise-Canceling Headphones Review,2026-01-15,5,6
Arrived in a sturdy travel case. Very fast delivery and excellent build quality.,5,5098234,Noise-Canceling Headphones Review,2026-01-15,5,6
Extremely comfortable for all-day listening sessions without ear fatigue.,4,5098234,Noise-Canceling Headphones Review,2026-01-15,5,6
"Sound profile is balanced, but microphone quality on calls is just average.",3,5098234,Noise-Canceling Headphones Review,2026-01-15,1,2
"A bit heavy on the head during extended use, though padding is soft.",3,5098234,Noise-Canceling Headphones Review,2026-01-15,1,2
"ANC creates slight ear pressure initially, though you get used to it quickly.",3,5098234,Noise-Canceling Headphones Review,2026-01-15,1,2
Left ear cup developed static noise and died after one month. Defective hardware.,1,5098234,Noise-Canceling Headphones Review,2026-01-15,1,2
Headband cracked when adjusting size. Cheap plastic reinforcement.,1,5098234,Noise-Canceling Headphones Review,2026-01-15,1,2
Too expensive for the build quality. Disappointed with longevity.,2,5098234,Noise-Canceling Headphones Review,2026-01-15,1,2
Incredible hydration! Leaves skin glowing and soft without any greasy residue. Excellent formula.,5,4129871,Hydrating Facial Serum Review,2026-01-15,5,6
Visible improvement in skin texture within a week. High quality ingredients and great value.,5,4129871,Hydrating Facial Serum Review,2026-01-15,5,6
Lightweight texture that absorbs quickly. Simple dropper dispenser makes it easy to use.,5,4129871,Hydrating Facial Serum Review,2026-01-15,5,6
Gentle on sensitive skin with no irritation or breakouts. Well packaged and fast shipping.,4,4129871,Hydrating Facial Serum Review,2026-01-15,5,6
Works wonderfully under makeup and moisturizer. Highly recommended!,5,4129871,Hydrating Facial Serum Review,2026-01-15,5,6
"Hydrating, but scent is slightly medicinal. Fades quickly after application.",3,4129871,Hydrating Facial Serum Review,2026-01-15,1,2
"Standard hyaluronic serum, does the job but nothing extraordinary.",3,4129871,Hydrating Facial Serum Review,2026-01-15,1,2
Dropper bottle sometimes clogs near the end of the bottle.,3,4129871,Hydrating Facial Serum Review,2026-01-15,1,2
Caused redness and mild breakout on sensitive skin. Not as advertised.,1,4129871,Hydrating Facial Serum Review,2026-01-15,1,2
Bottle leaked in transit and arrived half empty. Poor packaging quality.,1,4129871,Hydrating Facial Serum Review,2026-01-15,1,2
Overpriced for the small bottle size. Did not see noticeable difference.,2,4129871,Hydrating Facial Serum Review,2026-01-15,1,2
Superior sonic cleaning power with multiple intensity settings. Premium build quality.,5,3184920,Sonic Electric Toothbrush Pro Review,2026-01-15,5,6
Long lasting battery and wireless charging glass. Solid quality and worth the price.,5,3184920,Sonic Electric Toothbrush Pro Review,2026-01-15,5,6
Gentle on gums and leaves mouth feeling dental-clean every morning.,4,3184920,Sonic Electric Toothbrush Pro Review,2026-01-15,5,6
"Great battery life, but replacement brush heads are expensive.",3,3184920,Sonic Electric Toothbrush Pro Review,2026-01-15,1,2
"Died after 6 months of use, warranty support was slow.",2,3184920,Sonic Electric Toothbrush Pro Review,2026-01-15,1,2
Crisp sound and deep bass. Compact charging case and great battery life.,5,2195843,Pro Sound Wireless Earbuds Review,2026-01-15,5,6
Seamless pairing and comfortable ergonomic fit for workouts.,5,2195843,Pro Sound Wireless Earbuds Review,2026-01-15,5,6
"Good sound, but touch controls are overly sensitive.",3,2195843,Pro Sound Wireless Earbuds Review,2026-01-15,1,2
Left earbud lost volume after three weeks. Poor durability.,1,2195843,Pro Sound Wireless Earbuds Review,2026-01-15,1,2
Great small blender for single-serve smoothies. Easy to clean and store.,5,1104829,Compact Personal Blender Review,2026-01-15,5,6
"Blends fruit quickly, but struggles with large frozen chunks.",3,1104829,Compact Personal Blender Review,2026-01-15,1,2
Plastic cup broke after minor drop. Cheap material.,1,1104829,Compact Personal Blender Review,2026-01-15,1,2
